feature,mean_abs_shap_classifier,mean_abs_shap_regressor
return_mean_6h,0.06697346,0.0
Price Change,0.061306667,4.6809233e-05
taker_buy_ratio,0.04295832,4.5344856e-05
rsi,0.031426556,1.38638e-05
return_std_6h,0.024221798,0.0
volume_lag_1,0.018749887,0.0
taker_buy_ratio_mean_6h,0.018182341,6.0980357e-05
close_open_diff,0.016442597,0.0
hour_cos,0.014974761,2.0250475e-06
trades_mean_6h,0.014038154,3.9357365e-05
volume,0.013704524,5.8553546e-06
hour_sin,0.011563746,1.3614596e-05
dayofweek,0.009250987,5.477291e-06
vol_std_6h,0.008021958,2.2421025e-06
vol_max_6h,0.0076692076,6.9831963e-06
day,0.0069830758,6.2217505e-06
vol_min_6h,0.0067454996,3.1723378e-06
hour,0.0057924525,6.622339e-06
vol_mean_6h,0.005230943,6.625726e-06
rolling_max_6h,0.00518507,0.0
fng_mean_3d,0.0050654574,1.34580305e-05
Rolling_Std_Close,0.004817403,4.9138103e-05
Volatility,0.0044079362,0.0
price_volatility_interaction,0.004369536,0.0
macd,0.0043055317,0.0
high_low_ratio,0.003764797,3.2311047e-05
day_sin,0.0034479469,1.2678209e-05
bb_low,0.0034214614,0.0
fng_value,0.002878078,2.2955057e-05
ema_30,0.002066805,0.0
rolling_min_6h,0.0018570332,0.0
bb_high,0.0018106309,0.0
Rolling_Mean_Close,0.0017346226,0.0
close_lag_1,0.0013720903,2.6367557e-05
ema_10,0.00095715176,0.0
day_cos,0.0009056478,6.5859804e-06
onchain_hash_rate_change,3.7158214e-05,0.0
vol_1h,0.0,1.0192659e-05
onchain_miners_revenue_change,0.0,0.0
onchain_num_tx_change,0.0,0.0
